,Title,City,Price,Time,City1,Street
0,Appartement meublé pour la location,Tanger,5000,08 Oct 2022 06:00,Tanger,Tanger
1,Appartement meublé neuf,Tanger / Centre ville,5000,08 Oct 2022 05:58,Tanger,Centre ville
2,A louer super appartement meublé neuf,Tanger / Centre ville,5500,07 Oct 2022 15:59,Tanger,Centre ville
3,à louer un appartement meublé,Tanger / Centre ville,4500,07 Oct 2022 15:55,Tanger,Centre ville
4,شقه مجهزة للكراء فالمستقبل قرب أسواق السلام,Tanger / Marjane,3000,07 Oct 2022 13:18,Tanger,Marjane
5,Appartement usage bureau pour la location,Tanger,4800,06 Oct 2022 13:15,Tanger,Tanger
6,Appartement meublé pour la location,Tanger,5700,06 Oct 2022 13:12,Tanger,Tanger
8,Appartement en location haute standing a malabata,Tanger / Malabata,8000,05 Oct 2022 16:09,Tanger,Malabata
9,Appartement Centre Ville Prêt Mall ibn Battoutta,Tanger / Centre ville,500,05 Oct 2022 09:54,Tanger,Centre ville
10,Appartement à louer Tanger Irfane pour filles,Tanger / Aviation,2800,04 Oct 2022 15:59,Tanger,Aviation
11,Appartement à gueznaya tanger,Tanger,350,03 Oct 2022 21:24,Tanger,Tanger
12,Appartement meuble a louer tanger,Tanger / Marjane,3000,03 Oct 2022 21:24,Tanger,Marjane
13,Bel Appartement meublé à Tanger.,Tanger / Girari,3200,02 Oct 2022 22:57,Tanger,Girari
14,Appartement Centre Ville Prêt Mall ibn Battoutta,Tanger / Centre ville,500,28 Sep 2022 17:40,Tanger,Centre ville
15,Appt. non meublé à Mly ismail,Tanger / Centre ville,3200,28 Sep 2022 15:05,Tanger,Centre ville
16,Appartement a gueznaya,Tanger,3500,27 Sep 2022 18:44,Tanger,Tanger
17,Appartement Centre Ville Prêt Mall ibn Battoutta,Tanger / Centre ville,500,27 Sep 2022 16:43,Tanger,Centre ville
18,Apparemment meublé à louer,Tanger,7000,26 Sep 2022 17:25,Tanger,Tanger
19,Appartement meublé à tanger zone fran,Tanger,2800,24 Sep 2022 20:32,Tanger,Tanger
20,Location appartement prés TGV Tanger,Tanger / Malabata,4200,24 Sep 2022 20:32,Tanger,Malabata
21,Appartement Centre Ville Prêt Mall ibn Battoutta,Tanger / Centre ville,500,24 Sep 2022 12:12,Tanger,Centre ville
23,Appartement tanger,Tanger / Centre ville,5500,21 Sep 2022 19:13,Tanger,Centre ville
24,Je cherche un appartement meublé Tanger,Tanger / Val Fleuri,4000,20 Sep 2022 14:56,Tanger,Val Fleuri
25,Appartement Centre Ville Prêt Mall ibn Battoutta,Tanger / Centre ville,500,18 Sep 2022 22:39,Tanger,Centre ville
26,Appartement Centre Ville Avec Vue Sur Plage,Tanger / Centre ville,6500,17 Sep 2022 16:18,Tanger,Centre ville
28,Appartement À Louer À Nejma Tanger,Tanger / Centre ville,9000,16 Sep 2022 19:44,Tanger,Centre ville
29,Appartement meublé,Tanger / Moulay Youssef,6500,15 Sep 2022 22:50,Tanger,Moulay Youssef
30,Location Apt meublé tanger,Tanger / M nar,3000,15 Sep 2022 21:17,Tanger,M nar
31,Appartement meublé,Tanger / Moulay Youssef,6500,15 Sep 2022 21:13,Tanger,Moulay Youssef
32,Bel Appartement meublé prés centre ville.,Tanger / Centre ville,3000,15 Sep 2022 17:24,Tanger,Centre ville
33,Appartement Centre Ville Prêt Mall ibn Battoutta,Tanger / Centre ville,500,15 Sep 2022 11:10,Tanger,Centre ville
34,Appartement à louer Tanger,Tanger / Centre ville,4000,14 Sep 2022 19:17,Tanger,Centre ville
35,Location un appartement meublé,Tanger / Moulay Youssef,4700,13 Sep 2022 20:34,Tanger,Moulay Youssef
36,Appartement Centre Ville Prêt Mall ibn Battoutta,Tanger / Centre ville,500,12 Sep 2022 10:44,Tanger,Centre ville
37,Appartement Centre Ville Prêt Mall ibn Battoutta,Tanger / Centre ville,500,09 Sep 2022 23:22,Tanger,Centre ville
38,Appartement meublé neuf,Tanger / Centre ville,5500,09 Sep 2022 06:49,Tanger,Centre ville
39,Appartement. non meublé à louer,Tanger,4500,07 Sep 2022 18:34,Tanger,Tanger
40,Location appartement bien situé pour étudiants,Tanger / Centre ville,900,06 Sep 2022 18:48,Tanger,Centre ville
41,Apparemment,Tanger / Ziatene,3000,06 Sep 2022 16:58,Tanger,Ziatene
42,Magnifique appartement à louer pour  familles,Tanger / Ziatene,4000,04 Sep 2022 17:19,Tanger,Ziatene
43,Appartement Centre Ville En Face De Marina Bay,Tanger / Centre ville,6500,03 Sep 2022 12:54,Tanger,Centre ville
44,Appartement Centre Ville En Face De Marina Bay,Tanger / Centre ville,6500,01 Sep 2022 15:22,Tanger,Centre ville
45,Appartement 60m² en Location POUR LES étudiantes,Tanger / Ziatene,3000,01 Sep 2022 14:18,Tanger,Ziatene
46,Appartement pour location,Tanger / M sallah,2500,01 Sep 2022 14:16,Tanger,M sallah
47,شقة للبيع,Tanger / Malabata,11000,30 Aoû 2022 01:15,Tanger,Malabata
48,Location appartement meublé,Tanger,3700,29 Aoû 2022 10:04,Tanger,Tanger
49,Appartement Centre Ville Prêt Mall ibn Battoutta,Tanger / Centre ville,6500,28 Aoû 2022 10:37,Tanger,Centre ville
50,Appartement meublé vue dégagée,Tanger / Centre ville,8000,27 Aoû 2022 04:21,Tanger,Centre ville
51,Appartement panoramique sur mer méditerranée,Tanger / Malabata,800,26 Aoû 2022 17:19,Tanger,Malabata
53,Appartement Centre Ville Prêt Mall ibn Battoutta,Tanger / Centre ville,6500,25 Aoû 2022 20:58,Tanger,Centre ville
55,Location un appartement meublé,Tanger / Centre ville,5000,25 Aoû 2022 14:15,Tanger,Centre ville
56,Apparemment meublé à louer,Tanger,4000,24 Aoû 2022 14:36,Tanger,Tanger
57,Appartement Centre Ville Avec Vue Sur Plage,Tanger / Centre ville,6500,22 Aoû 2022 22:30,Tanger,Centre ville
58,Cherche appartement pour famille,Tanger,2000,22 Aoû 2022 17:38,Tanger,Tanger
59,Appartement Centre Ville En Face De Marina Bay,Tanger / Centre ville,6500,22 Aoû 2022 09:28,Tanger,Centre ville
60,شقة للكراء 75متر مرجان - طنجة,Tanger / Marjane,3600,21 Aoû 2022 12:09,Tanger,Marjane
61,Appartement Bel et Spacieux,Tanger / Vieille montagne,2590,21 Aoû 2022 12:08,Tanger,Vieille montagne
62,Appartement en collaboration,Tanger / Centre ville,2500,20 Aoû 2022 22:36,Tanger,Centre ville
63,ابحت عن شقة للكراء,Tanger / Marjane,2000,19 Aoû 2022 20:47,Tanger,Marjane
64,Appartement Centre Ville Prêt Mall ibn Battoutta,Tanger / Centre ville,6500,19 Aoû 2022 12:44,Tanger,Centre ville
65,Grand duplex à louer,Tanger / Malabata,1500,18 Aoû 2022 14:37,Tanger,Malabata
66,Belle appartement meublé a malabata,Tanger / Malabata,7000,18 Aoû 2022 11:24,Tanger,Malabata
67,Spacieux appartement au centre a louer,Tanger / Moulay Youssef,4500,17 Aoû 2022 13:50,Tanger,Moulay Youssef
68,Appartement Centre Ville En Face De Marina Bay,Tanger / Centre ville,6500,17 Aoû 2022 12:42,Tanger,Centre ville
69,Appartement - Mesnana - Tanger,Tanger,2500,16 Aoû 2022 22:13,Tanger,Tanger
70,Appartement Centre Ville En Face De Marina Bay,Tanger / Centre ville,6500,16 Aoû 2022 10:20,Tanger,Centre ville
71,Appartement meublé pour location,Tanger / Moujahidine,4000,15 Aoû 2022 16:41,Tanger,Moujahidine
72,Appartement bureau bvd moulay ismail,Tanger / Centre ville,4000,15 Aoû 2022 13:15,Tanger,Centre ville
73,Location d un appartement bureau,Tanger / Centre ville,4000,15 Aoû 2022 13:02,Tanger,Centre ville
74,Appartement a louer,Tanger / Malabata,5000,13 Aoû 2022 15:57,Tanger,Malabata
75,Appartement Centre Ville Avec Vue Sur Plage,Tanger / Centre ville,6500,11 Aoû 2022 10:35,Tanger,Centre ville
77,Appartement Centre Ville Prêt Mall ibn Battoutta,Tanger / Centre ville,6500,08 Aoû 2022 21:52,Tanger,Centre ville
78,à la recherche d'une appartement à  Dar Tounsi,Tanger,2500,06 Aoû 2022 10:01,Tanger,Tanger
79,Appartement Non meublé pour location,Tanger / Moujahidine,2500,05 Aoû 2022 14:02,Tanger,Moujahidine
80,Appartement Centre Ville Avec Vue Sur Plage,Tanger / Centre ville,6500,03 Aoû 2022 19:20,Tanger,Centre ville
81,Appartement à louer,Tanger,2000,03 Aoû 2022 11:20,Tanger,Tanger
82,Appartement Bel et Spacieux,Tanger,2490,01 Aoû 2022 16:01,Tanger,Tanger
83,Appartement Centre Ville En Face De Marina Bay,Tanger / Centre ville,6500,30 Jul 2022 21:49,Tanger,Centre ville
84,Appartement Centre Ville En Face De Marina Bay,Tanger / Centre ville,700,28 Jul 2022 12:48,Tanger,Centre ville
85,Je cherche un appartement,Tanger,1700,27 Jul 2022 12:57,Tanger,Tanger
86,Appartement à louer,Tanger / Marjane,3000,24 Jul 2022 14:31,Tanger,Marjane
87,Appartement Centre Ville En Face De Marina Bay,Tanger / Centre ville,6500,19 Jul 2022 16:14,Tanger,Centre ville
88,Appartement Centre Ville Prêt Mall ibn Battoutta,Tanger / Centre ville,6500,19 Jul 2022 09:34,Tanger,Centre ville
89,Appartements meublé,Tanger / Malabata,3500,18 Jul 2022 15:32,Tanger,Malabata
90,Appartement pour location par mois,Tanger / Marjane,3500,14 Jul 2022 22:51,Tanger,Marjane
91,Appartement à 2 pas de l'institut espagnol,Tanger / Centre ville,7000,11 Jul 2022 16:47,Tanger,Centre ville
92,Appartement a louer,Tanger,4700,02 Jul 2022 16:16,Tanger,Tanger
93,Apparemment a louer,Tanger,2650,02 Jul 2022 16:15,Tanger,Tanger
94,Appartement Meublé,Tanger / Marjane,4000,28 Jun 2022 21:33,Tanger,Marjane
95,Location un appartement meublé,Tanger / Malabata,3000,27 Jun 2022 13:26,Tanger,Malabata
96,Appartement vue mer sur la corniche à Tanger,Tanger / Centre ville,8000,26 Jun 2022 11:56,Tanger,Centre ville
97,Location appartement 56m2 tanger,Tanger / Malabata,1800,24 Jun 2022 22:01,Tanger,Malabata
98,Location un appartement,Tanger / Malabata,3000,24 Jun 2022 22:01,Tanger,Malabata
99,A louer super  appartement meublé neuf,Tanger / Val Fleuri,5000,24 Jun 2022 10:02,Tanger,Val Fleuri
100,شقة عائلية للكراء مشمسة بوسط المدينة,Tanger / Centre ville,3200,20 Jun 2022 12:48,Tanger,Centre ville
101,Appartement a louer val fleuri,Tanger,600,20 Jun 2022 11:24,Tanger,Tanger
102,A louer super appartement meublé,Tanger / Val Fleuri,5000,15 Jun 2022 09:11,Tanger,Val Fleuri
103,Appartement a louer,Tanger,750,14 Jun 2022 11:57,Tanger,Tanger
104,Appartement à louer,Tanger / Centre ville,500,13 Jun 2022 11:47,Tanger,Centre ville
105,Appartement a louer,Tanger / Centre ville,750,10 Jun 2022 19:50,Tanger,Centre ville
106,Appartement à louer,Tanger / Centre ville,500,07 Jun 2022 13:24,Tanger,Centre ville
107,Location un appartement,Tanger / Aviation,2500,03 Jun 2022 16:39,Tanger,Aviation
108,Appartement a louer,Tanger / Centre ville,750,03 Jun 2022 12:53,Tanger,Centre ville
109,Appartement équipé AU CENTRE VILLE playa,Tanger / Centre ville,1,03 Jun 2022 11:45,Tanger,Centre ville
110,شقة للكراء في ديار طنجة,Tanger / Moujahidine,2200,02 Jun 2022 14:00,Tanger,Moujahidine
111,Location un appartement,Tanger / Centre ville,2400,01 Jun 2022 15:48,Tanger,Centre ville
112,APPARTEMENT SÉCURISÉ LUXE TANGER,Tanger / Marjane,4000,01 Jun 2022 09:59,Tanger,Marjane
113,Location des apparteme9nts,Tanger,3700,31 Mai 2022 20:52,Tanger,Tanger
114,Appartement au quartier administratif a louer,Tanger / Centre ville,3200,31 Mai 2022 11:47,Tanger,Centre ville
115,Appartement meublé à tanja balia TANGER,Tanger / Malabata,3200,27 Mai 2022 16:16,Tanger,Malabata
116,Appartement à louer,Tanger / Centre ville,7000,27 Mai 2022 11:00,Tanger,Centre ville
117,Appartement boulvard,Tanger,3000,26 Mai 2022 13:29,Tanger,Tanger
118,شقة مفروشة للكراء,Tanger / Marjane,500,21 Mai 2022 00:38,Tanger,Marjane
119,Location un appartement meublé,Tanger / Marjane,3200,18 Mai 2022 17:09,Tanger,Marjane
121,Joli appartement meuble avec terrasse a louer,Tanger / Malabata,7000,14 Mai 2022 16:13,Tanger,Malabata
122,Exclusif:appartement neuf a louer,Tanger / Marjane,3200,14 Mai 2022 16:13,Tanger,Marjane
124,Location un appartement meublé,Tanger / Marjane,3500,11 Mai 2022 17:22,Tanger,Marjane
125,Cosy appartement meublé à louer sur la corniche,Tanger / Centre ville,7000,09 Mai 2022 16:03,Tanger,Centre ville
126,شقق مفروشة للايجار اليومي,Tanger / Malabata,800,04 Mai 2022 11:15,Tanger,Malabata
127,Location un appartement meublé,Tanger / Malabata,3500,25 Avr 2022 16:16,Tanger,Malabata
128,Location un appartementprès de la gare tgv,Tanger / Malabata,2300,25 Avr 2022 16:16,Tanger,Malabata
129,Spacieux appartement avec vue sur mer a louer,Tanger / Centre ville,6500,25 Avr 2022 13:41,Tanger,Centre ville
130,Apprt a tanja Balia,Tanger,2500,21 Avr 2022 10:54,Tanger,Tanger
131,Lumineux appartement vide a louer,Tanger / Malabata,7300,20 Avr 2022 13:56,Tanger,Malabata
132,Lumineux appartement vide a louer,Tanger / Centre ville,4000,19 Avr 2022 16:01,Tanger,Centre ville
133,Appartement Centre Ville En Face De Marina Bay,Tanger / Centre ville,400,16 Avr 2022 13:46,Tanger,Centre ville
134,Location un appartement meublé,Tanger / Malabata,3200,12 Avr 2022 15:46,Tanger,Malabata
135,Location appartement 3 chambres,Tanger / Marjane,3400,10 Avr 2022 01:09,Tanger,Marjane
136,Appartement meublé à louer,Tanger / Centre ville,4000,09 Avr 2022 16:46,Tanger,Centre ville
137,Appartement à louer,Tanger / Centre ville,3000,09 Avr 2022 16:44,Tanger,Centre ville
138,Spacieux appartement en option vide a louer,Tanger,10000,04 Avr 2022 15:26,Tanger,Tanger
139,Appartement en plein centre ville tanger,Tanger / Centre ville,6000,04 Avr 2022 05:15,Tanger,Centre ville
140,Location un appartement meublé,Tanger / Centre ville,4200,02 Avr 2022 16:14,Tanger,Centre ville
141,شقة مجهزة للكراء الشهري,Tanger,6000,30 Mar 2022 23:01,Tanger,Tanger
142,أبحث عن شقة للكراء في طنجة,Tanger,2500,29 Mar 2022 19:41,Tanger,Tanger
143,Appartement meublé à louer,Tanger / Centre ville,4800,24 Mar 2022 22:08,Tanger,Centre ville
144,Appartement à louer à tanger,Tanger,2200,23 Mar 2022 13:15,Tanger,Tanger
145,Appartement Centre Ville Prêt Mall ibn Battoutta,Tanger / Centre ville,400,17 Mar 2022 08:20,Tanger,Centre ville
146,Appartement meubléà louer,Tanger / Centre ville,4000,16 Mar 2022 22:36,Tanger,Centre ville
147,A louer manifique appartement meublé,Tanger / Centre ville,4800,16 Mar 2022 22:35,Tanger,Centre ville
148,Appartement Centre Ville Prêt Mall ibn Battoutta,Tanger / Centre ville,400,13 Mar 2022 15:34,Tanger,Centre ville
149,Location un appartement meublé,Tanger / Malabata,4000,08 Mar 2022 19:54,Tanger,Malabata
150,Location un appartement meublé,Tanger / Malabata,3300,08 Mar 2022 19:54,Tanger,Malabata
151,Appartement Centre Ville Prêt Mall ibn Battoutta,Tanger / Centre ville,400,06 Mar 2022 20:37,Tanger,Centre ville
152,Location un appartement meublé,Tanger / Malabata,4000,06 Mar 2022 15:22,Tanger,Malabata
153,Appartement de luxe meublé pour location à Marchan,Tanger / Marchane,7000,05 Mar 2022 15:51,Tanger,Marchane
154,Appartement Centre Ville En Face De Marina Bay,Tanger / Centre ville,400,01 Mar 2022 14:36,Tanger,Centre ville
155,Location appartement meublé,Tanger / Malabata,3200,01 Mar 2022 13:54,Tanger,Malabata
156,Appartement Centre Ville Avec Vue Sur Plage,Tanger / Centre ville,400,25 Fév 2022 23:04,Tanger,Centre ville
157,Studio a louer Tanger centre ville,Tanger / Centre ville,3000,25 Fév 2022 10:31,Tanger,Centre ville
158,Appartement A Louer centre ville Tanger,Tanger / Centre ville,3000,25 Fév 2022 10:23,Tanger,Centre ville
159,Appartement A Louer centre ville Tanger,Tanger / Centre ville,3000,25 Fév 2022 09:52,Tanger,Centre ville
160,Appartement Centre Ville En Face De Marina Bay,Tanger / Centre ville,5500,24 Fév 2022 11:58,Tanger,Centre ville
161,Duplexe à louer,Tanger,4800,23 Fév 2022 16:37,Tanger,Tanger
163,Vue sur Mer,Tanger / Centre ville,7500,22 Fév 2022 13:26,Tanger,Centre ville
164,Appartement haut standing,Tanger,6000,22 Fév 2022 13:26,Tanger,Tanger
165,Appartement centre ville avec vue sur plage,Tanger / Centre ville,5500,21 Fév 2022 22:30,Tanger,Centre ville
166,Appartement Centre Ville Prêt Mall ibn Battoutta,Tanger / Centre ville,5500,19 Fév 2022 13:10,Tanger,Centre ville
167,Appartement meublé,Tanger / Centre ville,4800,18 Fév 2022 21:32,Tanger,Centre ville
168,Appartement Centre Ville Prêt Mall ibn Battoutta,Tanger / Centre ville,400,18 Fév 2022 11:26,Tanger,Centre ville
169,Appartement a gueznaya,Tanger / Marjane,2800,17 Fév 2022 10:29,Tanger,Marjane
170,Location appart meublè,Tanger / Moujahidine,2700,16 Fév 2022 18:34,Tanger,Moujahidine
171,Appartement Centre Ville Avec Vue Sur Plage,Tanger / Centre ville,5500,16 Fév 2022 13:59,Tanger,Centre ville
172,Appartement à louer à moujahidin,Tanger / Moujahidine,2200,16 Fév 2022 10:42,Tanger,Moujahidine
173,Appartement à louer à moulay youssef,Tanger / Moulay Youssef,4500,16 Fév 2022 10:42,Tanger,Moulay Youssef
174,Apparemment à loue neuf,Tanger,3300,15 Fév 2022 07:18,Tanger,Tanger
175,Appartement standing 100m,Tanger,5500,14 Fév 2022 12:29,Tanger,Tanger
0,Appt  meubléalouer pour les filles a roches noires,Casablanca / Roches Noires,5000,27 Oct 2022 19:48,Casablanca,Roches Noires
1,Appartement en location meublé sur 2 m,Casablanca / 2 Mars,7500,27 Oct 2022 19:47,Casablanca,2 Mars
2,Appartement en location meublésûr ziraoui,Casablanca / Lyautey,8000,27 Oct 2022 19:47,Casablanca,Lyautey
3,Appartement en location meublé sur 2 mars,Casablanca / 2 Mars,7500,27 Oct 2022 19:47,Casablanca,2 Mars
4,Appartement en location meublé à côté m,Casablanca / Bourgogne,7000,27 Oct 2022 19:47,Casablanca,Bourgogne
5,Appartement bien situé à louer à Oulfa Azhar,Casablanca / Oulfa,2250,27 Oct 2022 19:47,Casablanca,Oulfa
6,Appartement meublée a louer au quartier les prince,Casablanca / Maarif Extension,8000,27 Oct 2022 12:30,Casablanca,Maarif Extension
7,Appartement 200m² 3ch terrasse à Riviera,Casablanca / Riviera,9000,27 Oct 2022 12:30,Casablanca,Riviera
8,Très bel appartement a louer a Bourgogne,Casablanca / Bourgogne,4700,27 Oct 2022 11:49,Casablanca,Bourgogne
9,Bel Appartement à louer-Lotissement Al Moustakbal,Casablanca / Sidi Maarouf,2700,27 Oct 2022 10:46,Casablanca,Sidi Maarouf
10,Bel Appartement au lotissement Al Mostaqbal,Casablanca / Sidi Maarouf,2500,27 Oct 2022 10:45,Casablanca,Sidi Maarouf
12,Appartement pour location projet amlak bernoussi,Casablanca,1800,27 Oct 2022 10:44,Casablanca,Casablanca
13,Location appartement,Casablanca / California,2700,27 Oct 2022 10:44,Casablanca,California
14,Appartement 90 m2 maarif biranzarane,Casablanca / Maarif,5200,26 Oct 2022 21:24,Casablanca,Maarif
15,Appartement 140 m2 Casa Finance City,Casablanca / Beauséjour,7000,26 Oct 2022 21:24,Casablanca,Beauséjour
16,شقة للكراء ديبليكس duplexe,Casablanca / Sidi Moumen,2700,26 Oct 2022 21:24,Casablanca,Sidi Moumen
17,Appartement non meublé à louer Secteur Maarif exte,Casablanca / Maarif Extension,8500,26 Oct 2022 20:32,Casablanca,Maarif Extension
18,JOLI APPART 2 ETG ASC 1900 DH 60M,Casablanca / Sidi Bernoussi,1900,26 Oct 2022 19:36,Casablanca,Sidi Bernoussi
19,Location long durée,Casablanca,2400,26 Oct 2022 19:36,Casablanca,Casablanca
20,Appartement à louer,Casablanca / Sidi Bernoussi,1500,26 Oct 2022 18:14,Casablanca,Sidi Bernoussi
21,Ain diab appartement ths 125m² à louer,Casablanca / Ain Diab,9500,26 Oct 2022 13:58,Casablanca,Ain Diab
22,Location appartement,Casablanca,2700,26 Oct 2022 13:54,Casablanca,Casablanca
23,En location un appartement à el woroud 80 m²,Casablanca / Sidi Maarouf,4000,26 Oct 2022 13:52,Casablanca,Sidi Maarouf
24,Bel appartement à OULFA,Casablanca,3500,26 Oct 2022 11:14,Casablanca,Casablanca
25,Appartement  pour les mariés Deroua 3 mars,Casablanca,1200,26 Oct 2022 11:12,Casablanca,Casablanca
26,Appartement 126m² 3 chambres à Val Fleuri,Casablanca / Val Fleuri,7900,26 Oct 2022 11:10,Casablanca,Val Fleuri
27,Appartement à louer à lotissement nakhail 100 m²,Casablanca / Sidi Maarouf,5000,26 Oct 2022 11:09,Casablanca,Sidi Maarouf
28,Chambre et cuisine pour les filles bernossi,Casablanca / Sidi Bernoussi,900,26 Oct 2022 11:09,Casablanca,Sidi Bernoussi
29,Appart.1èr étage angle 3 ch salon California,Casablanca / California,4500,25 Oct 2022 22:16,Casablanca,California
30,Appartement 105 m2 Mandarona à coté Bd al qods,Casablanca / Ain Chok,3800,25 Oct 2022 22:15,Casablanca,Ain Chok
31,Appart. Haut. Stand. 110 m2 La Perle de Californie,Casablanca / California,6000,25 Oct 2022 22:13,Casablanca,California
32,Appartement à louer à SIDI MAAROUF Les collines,Casablanca / Sidi Maarouf,6500,25 Oct 2022 22:12,Casablanca,Sidi Maarouf
33,Apparemment rue de role,Casablanca / 2 Mars,5000,25 Oct 2022 22:12,Casablanca,2 Mars
34,Appartement meublé 2mars,Casablanca / 2 Mars,10000,25 Oct 2022 22:12,Casablanca,2 Mars
35,Location appartement projet amlak bernoussi,Casablanca / Sidi Bernoussi,1800,25 Oct 2022 17:14,Casablanca,Sidi Bernoussi
36,Apparemment a louer vide a my youssef,Casablanca / Bourgogne,4500,25 Oct 2022 15:05,Casablanca,Bourgogne
37,Appartement a louer,Casablanca,2300,25 Oct 2022 10:44,Casablanca,Casablanca
38,Location appartement,Casablanca / Dar Bouazza,2300,25 Oct 2022 00:16,Casablanca,Dar Bouazza
39,Appartement a louee abouab bouskoura,Casablanca,1800,24 Oct 2022 21:12,Casablanca,Casablanca
40,Appartement à louer,Casablanca / Hôpitaux,8500,24 Oct 2022 21:11,Casablanca,Hôpitaux
41,Appartement à louer,Casablanca / Sidi Othmane,2400,24 Oct 2022 19:32,Casablanca,Sidi Othmane
42,Bel appartement bien meublé à 7 mi du Morocco Mall,Casablanca / Ain Diab,6500,24 Oct 2022 11:16,Casablanca,Ain Diab
43,Besoin d'un appartement à oulfa,Casablanca / Oulfa,2300,24 Oct 2022 11:16,Casablanca,Oulfa
44,Appartement Errahma coté ( Oualfa),Casablanca / Errahma,1500,24 Oct 2022 11:16,Casablanca,Errahma
45,Appt meublé a Ain sbaa,Casablanca / Ain Sebaa,3300,24 Oct 2022 11:15,Casablanca,Ain Sebaa
47,Recherche appartement,Casablanca / Sidi Bernoussi,2000,23 Oct 2022 16:25,Casablanca,Sidi Bernoussi
48,Location appartement meublé  à Dar Bouazza,Casablanca / Dar Bouazza,2700,23 Oct 2022 16:25,Casablanca,Dar Bouazza
49,Location -apprt,Casablanca,7500,23 Oct 2022 16:21,Casablanca,Casablanca
50,Appartement Belvédère à louer,Casablanca / Belvédère,4700,23 Oct 2022 16:21,Casablanca,Belvédère
51,Jolis appartements meublés,Casablanca / Bourgogne,8000,23 Oct 2022 16:21,Casablanca,Bourgogne
52,Appartement meublé à louer,Casablanca / Dar Bouazza,2800,23 Oct 2022 16:20,Casablanca,Dar Bouazza
53,Appartement eco meublé,Casablanca / Dar Bouazza,2300,22 Oct 2022 21:34,Casablanca,Dar Bouazza
54,Appt meublé a Ain sbaa,Casablanca / Ain Sebaa,3300,22 Oct 2022 16:50,Casablanca,Ain Sebaa
55,Appartement à louer longue durée,Casablanca / Oulfa,4000,22 Oct 2022 00:10,Casablanca,Oulfa
56,Location appartement,Casablanca,5000,21 Oct 2022 19:27,Casablanca,Casablanca
57,Location Appartement à L krimat,Casablanca / Ain Chok,4800,21 Oct 2022 19:27,Casablanca,Ain Chok
58,Appartement Meublé à Louer El Jadida,Casablanca,4000,21 Oct 2022 19:27,Casablanca,Casablanca
59,Appartte meuble neuf,Casablanca / Ben Ejdia,6000,21 Oct 2022 13:17,Casablanca,Ben Ejdia
60,Appartement pour location à Maarif de 100m²,Casablanca / Maarif,7500,21 Oct 2022 13:16,Casablanca,Maarif
62,Appartement à louer près de l'aéroport,Casablanca / Autre quartier,11000,21 Oct 2022 11:50,Casablanca,Autre quartier
63,Appartement spacieux-ensoleillé à louer Maarif,Casablanca,4300,21 Oct 2022 11:50,Casablanca,Casablanca
64,Appartement à louer à Al khouzama oulfa,Casablanca / Oulfa,4000,21 Oct 2022 11:50,Casablanca,Oulfa
65,Location vente appartement,Casablanca / Sidi Maarouf,1,21 Oct 2022 04:11,Casablanca,Sidi Maarouf
66,Appartement a louer meublé a roche noire pour filles,Casablanca / Roches Noires,5000,20 Oct 2022 21:14,Casablanca,Roches Noires
67,Loue appartement a hay aadil,Casablanca / Hay Al mohammadi,3000,20 Oct 2022 21:12,Casablanca,Hay Al mohammadi
68,Apparemment meublé bourgogne,Casablanca / Bourgogne,6700,20 Oct 2022 20:51,Casablanca,Bourgogne
69,Appartement a louer avec terrasse a Gauthier,Casablanca / Gauthier,7500,20 Oct 2022 17:31,Casablanca,Gauthier
71,Appartement à dar bouazza,Casablanca / Dar Bouazza,10500,19 Oct 2022 17:26,Casablanca,Dar Bouazza
73,Beau appart Maarif-proche complexe Mohamed V,Casablanca / Maarif,5500,19 Oct 2022 11:06,Casablanca,Maarif
75,UN APPART 1 ETAGE 1500 DH BERNOUSSI,Casablanca / Sidi Bernoussi,1500,18 Oct 2022 21:14,Casablanca,Sidi Bernoussi
76,Appart res bader al qods bernoussi,Casablanca / Sidi Bernoussi,3500,18 Oct 2022 20:23,Casablanca,Sidi Bernoussi
77,Joli appartement,Casablanca,4000,18 Oct 2022 17:24,Casablanca,Casablanca
79,Apparemment rue de role,Casablanca / 2 Mars,5000,18 Oct 2022 17:23,Casablanca,2 Mars
80,Apprtte meuble pour employés,Casablanca / Ben Ejdia,6500,18 Oct 2022 17:23,Casablanca,Ben Ejdia
81,Appartement à louer,Casablanca / Oulfa,3800,18 Oct 2022 04:43,Casablanca,Oulfa
82,Appartement meublé riad raha,Casablanca / Lissasfa,4000,17 Oct 2022 21:55,Casablanca,Lissasfa
83,Appartement 2Pc Salon Quartier Val Fleuri,Casablanca / Val Fleuri,6000,17 Oct 2022 21:55,Casablanca,Val Fleuri
84,Appartement en location à mazola,Casablanca / Mazola,4500,17 Oct 2022 21:55,Casablanca,Mazola
85,Appartement neuf moderne à louer,Casablanca / Ain Sebaa,5000,17 Oct 2022 17:25,Casablanca,Ain Sebaa
86,Appartement meublé a louer oasis,Casablanca / Oasis,7000,17 Oct 2022 17:24,Casablanca,Oasis
87,Appartement meublé à oasis,Casablanca / Oasis,7200,17 Oct 2022 17:24,Casablanca,Oasis
88,Appartement a louer sur maarif 80m,Casablanca / Maarif,6000,17 Oct 2022 17:23,Casablanca,Maarif
89,Appartement moderne a florida sidi maarouf,Casablanca / Sidi Maarouf,5000,17 Oct 2022 17:23,Casablanca,Sidi Maarouf
90,Grand loft jardin mardock 180m,Casablanca / 2 Mars,7500,17 Oct 2022 17:22,Casablanca,2 Mars
91,Grand studios équipe meublée,Casablanca / Belvédère,6000,17 Oct 2022 17:22,Casablanca,Belvédère
92,Apprtte equipe meublé,Casablanca / Belvédère,5000,17 Oct 2022 17:22,Casablanca,Belvédère
94,Appartement 56m² en location à sidi othmane,Casablanca / Sidi Othmane,2200,17 Oct 2022 17:22,Casablanca,Sidi Othmane
95,Appt meublé a Ain sbaa,Casablanca / Ain Sebaa,3300,17 Oct 2022 17:21,Casablanca,Ain Sebaa
96,Appartement à louer,Casablanca / Belvédère,5500,17 Oct 2022 17:21,Casablanca,Belvédère
97,Appartement a loue quartier bourgogne,Casablanca / Bourgogne,5000,17 Oct 2022 10:43,Casablanca,Bourgogne
98,Location appartement,Casablanca / Sidi Maarouf,3300,17 Oct 2022 10:41,Casablanca,Sidi Maarouf
99,Appartement COSY à louer à Dar Bouazza,Casablanca / Tamaris,5500,16 Oct 2022 21:37,Casablanca,Tamaris
100,Appartement neuf moderne à louer,Casablanca / Ain Sebaa,5000,16 Oct 2022 21:37,Casablanca,Ain Sebaa
101,Appartement à louer,Casablanca / Maarif,5000,16 Oct 2022 21:37,Casablanca,Maarif
102,Appartement ensoleillé,Casablanca / Ain Sebaa,4300,16 Oct 2022 00:02,Casablanca,Ain Sebaa
103,Appartement a louer situé a quartier al fadl ain s,Casablanca / Ain Sebaa,2500,16 Oct 2022 00:02,Casablanca,Ain Sebaa
105,Apartement a partager (غير متزوج),Casablanca / Sidi Moumen,1200,14 Oct 2022 22:23,Casablanca,Sidi Moumen
106,APPARTEMENT A LOUER A BELVEDER,Casablanca / Belvédère,7500,14 Oct 2022 22:22,Casablanca,Belvédère
107,Appartement meublé longue durée,Casablanca / Ain Sebaa,3700,14 Oct 2022 16:55,Casablanca,Ain Sebaa
108,شقة للكراء,Casablanca / Dar Bouazza,2000,14 Oct 2022 15:07,Casablanca,Dar Bouazza
109,Une belle appartement en location à Errahma,Casablanca / Errahma,200,14 Oct 2022 12:55,Casablanca,Errahma
110,Appartement F2 meublé 6ème étg. sans vis-à-vis,Casablanca / Bourgogne,5900,14 Oct 2022 12:55,Casablanca,Bourgogne
111,Appartement a partager semi meuble,Casablanca / Sidi Moumen,1200,14 Oct 2022 07:30,Casablanca,Sidi Moumen
112,Location bel appartement à CIL (Hay Salam),Casablanca / C.I.L,3990,14 Oct 2022 07:29,Casablanca,C.I.L
113,Appart bien équipé pour familles,Casablanca / Ain Sebaa,4000,13 Oct 2022 21:13,Casablanca,Ain Sebaa
114,Appartement 2 etage hay tarik bernoussi casa,Casablanca / Sidi Bernoussi,2700,13 Oct 2022 21:12,Casablanca,Sidi Bernoussi
115,Joli appartement a loyer a amlak bernoussi,Casablanca / Ain Sebaa,2100,13 Oct 2022 17:32,Casablanca,Ain Sebaa
116,Location Appartements A Bourgogne,Casablanca / Bourgogne,7000,13 Oct 2022 17:32,Casablanca,Bourgogne
117,Joli appartement a louer BD Mly Youssef,Casablanca / Bourgogne,5000,13 Oct 2022 17:31,Casablanca,Bourgogne
118,Tres bel appartement a louer BD Anfa,Casablanca,4150,13 Oct 2022 17:31,Casablanca,Casablanca
119,Superbe appartement pour filles,Casablanca / Hôpitaux,2000,13 Oct 2022 17:31,Casablanca,Hôpitaux
120,APPART A LOUER,Casablanca / Belvédère,6000,13 Oct 2022 14:50,Casablanca,Belvédère
121,Bel Appartement à louer_Al Mostaqbal Sidi Maarouf,Casablanca,2700,13 Oct 2022 14:49,Casablanca,Casablanca
122,Location appartement,Casablanca,2400,13 Oct 2022 10:37,Casablanca,Casablanca
123,Location appartement bouskoura,Casablanca,2900,13 Oct 2022 10:37,Casablanca,Casablanca
125,A louer appartement,Casablanca,4000,12 Oct 2022 21:31,Casablanca,Casablanca
126,Appartement 2 etageqods bernoussi,Casablanca / Sidi Bernoussi,1500,12 Oct 2022 21:31,Casablanca,Sidi Bernoussi
127,Appartement ensoleillé 70 m2 à Beausejour,Casablanca / Beauséjour,4200,12 Oct 2022 21:30,Casablanca,Beauséjour
129,Appartement meublé à Jnane Californie,Casablanca / Mandarona,8000,12 Oct 2022 17:41,Casablanca,Mandarona
131,A louer studio,Casablanca / Oasis,1600,12 Oct 2022 17:39,Casablanca,Oasis
132,Appartement a ain sebaa,Casablanca / Ain Sebaa,2700,12 Oct 2022 17:39,Casablanca,Ain Sebaa
133,Location Appartement,Casablanca / Sidi Othmane,1700,12 Oct 2022 17:38,Casablanca,Sidi Othmane
134,Appartement a louer pres de nearshor sidi maarouf,Casablanca,4500,12 Oct 2022 13:20,Casablanca,Casablanca
135,Apparemment résidence fermée,Casablanca / Sidi Maarouf,1,12 Oct 2022 11:02,Casablanca,Sidi Maarouf
137,Appartement a loyer a oulfa,Casablanca / Oulfa,3500,12 Oct 2022 11:00,Casablanca,Oulfa
138,Appartement à louer,Casablanca / Sidi Othmane,3000,11 Oct 2022 22:11,Casablanca,Sidi Othmane
139,Appartement meublé quartier bourgogne,Casablanca / Bourgogne,5500,11 Oct 2022 17:25,Casablanca,Bourgogne
140,Apparts meublé à louer,Casablanca,500,11 Oct 2022 17:24,Casablanca,Casablanca
141,Propre appartement en location meublé sur 2 mars,Casablanca / 2 Mars,6000,11 Oct 2022 13:53,Casablanca,2 Mars
142,Appartement à louer la gironde,Casablanca / La Gironde,4500,11 Oct 2022 13:48,Casablanca,La Gironde
143,Bel appartement à louer à Yasmine Signature,Casablanca,7000,11 Oct 2022 13:48,Casablanca,Casablanca
144,Appartement A louer,Casablanca / Sidi Maarouf,2700,11 Oct 2022 13:48,Casablanca,Sidi Maarouf
145,Location appartement,Casablanca,2400,11 Oct 2022 11:21,Casablanca,Casablanca
146,Bel Apparteement à CIL a louer,Casablanca / C.I.L,5500,11 Oct 2022 11:20,Casablanca,C.I.L
147,Meublé 2 chambres salon avec belle terrasse,Casablanca / Racine,9000,11 Oct 2022 11:20,Casablanca,Racine
148,Appartement rdc,Casablanca,4000,10 Oct 2022 22:34,Casablanca,Casablanca
149,Appartement à louer 114 m²,Casablanca / Oasis,6200,10 Oct 2022 17:41,Casablanca,Oasis
150,Appartement à louer,Casablanca / Centre ville,3500,10 Oct 2022 17:40,Casablanca,Centre ville
151,Appartement meublé 100m2,Casablanca,6500,10 Oct 2022 17:40,Casablanca,Casablanca
152,Location Appartement,Casablanca,1700,10 Oct 2022 17:36,Casablanca,Casablanca
153,Appartement meublé 100m2,Casablanca / Belvédère,6500,10 Oct 2022 17:35,Casablanca,Belvédère
154,Impossible de trouver + ensoleillé à louer hôpitau,Casablanca / Hôpitaux,6600,10 Oct 2022 17:35,Casablanca,Hôpitaux
155,Appartement en location Palmier Maarif,Casablanca / Palmier,4200,10 Oct 2022 17:35,Casablanca,Palmier
156,Appartement au centre ville,Casablanca / Centre ville,4000,10 Oct 2022 15:14,Casablanca,Centre ville
157,UN APPAT 4 ETAGE 1450 DH TTC BERNOUSSI,Casablanca / Sidi Bernoussi,1450,10 Oct 2022 15:14,Casablanca,Sidi Bernoussi
158,Appartement a louer sur racine 130m,Casablanca / Racine,9000,10 Oct 2022 15:02,Casablanca,Racine
159,Appartements Quartier des Hôpitaux,Casablanca / Hôpitaux,7600,10 Oct 2022 15:02,Casablanca,Hôpitaux
160,Petit appartement à loué,Casablanca / Hay Al mohammadi,1600,10 Oct 2022 15:02,Casablanca,Hay Al mohammadi
161,Appartement à loué,Casablanca / Hay Al mohammadi,2750,10 Oct 2022 15:01,Casablanca,Hay Al mohammadi
162,Appartement 2 chambres salon meublé neuf bd ziraoui,Casablanca / Bourgogne,7000,10 Oct 2022 15:01,Casablanca,Bourgogne
163,Appartement meublé moderne à louer,Casablanca / Ain Sebaa,8000,09 Oct 2022 21:27,Casablanca,Ain Sebaa
164,شقة للكرا,Casablanca / Sidi Bernoussi,2000,09 Oct 2022 21:26,Casablanca,Sidi Bernoussi
0,APPARTEMENT A LOUER A HAY EL MANEH RABAT 4 PIECES,Rabat / Yacoub El Mansour,5000,26 Oct 2022 11:08,Rabat,Yacoub El Mansour
1,APPARTEMENT 3P MEUBLE A PLACE PETRI RABAT,Rabat / Hassan,7500,25 Oct 2022 10:40,Rabat,Hassan
2,Un grande appartement en location à DIOUR JAMAA,Rabat / Diour Jamaa,5500,25 Oct 2022 10:40,Rabat,Diour Jamaa
3,PETIT STUDIO MEUBLÉE A LOUER,Rabat / Agdal,4200,25 Oct 2022 10:40,Rabat,Agdal
5,APPARTEMENT VIDE A MABELLA,Rabat / Mabella,6500,24 Oct 2022 15:24,Rabat,Mabella
6,Appartement vide à louer fait 120m²,Rabat,6500,24 Oct 2022 15:24,Rabat,Rabat
7,Appartement meublée en location,Rabat / Agdal,7500,24 Oct 2022 15:05,Rabat,Agdal
8,Appartement standing prrstigia5800dh,Rabat / Agdal,5800,23 Oct 2022 16:21,Rabat,Agdal
9,STUDIO MEUBLÉE A 4500/MOIS,Rabat / Agdal,4500,22 Oct 2022 16:52,Rabat,Agdal
10,Appartementa agdal rabat,Rabat / Agdal,7890,22 Oct 2022 00:10,Rabat,Agdal
13,Location d'un appartement  vide,Rabat,8000,21 Oct 2022 19:27,Rabat,Rabat
14,Appartements diourjama3300dha,Rabat,3300,21 Oct 2022 19:27,Rabat,Rabat
15,2nd ces diourjamaa,Rabat / Agdal,3300,21 Oct 2022 19:26,Rabat,Agdal
16,APPARTEMENT A LOUER (KBIBAT),Rabat,3800,20 Oct 2022 20:51,Rabat,Rabat
17,A AGDAL APPARTEMENT MEUBLE,Rabat / Agdal,5500,20 Oct 2022 20:50,Rabat,Agdal
18,APPARTEMENT à location par mois,Rabat / Agdal,8500,20 Oct 2022 20:50,Rabat,Agdal
19,COQUET APPARTEMENT 2 PIÈCES MEUBLÉ,Rabat / Hassan,5500,20 Oct 2022 20:50,Rabat,Hassan
20,Location ht agdal pres de descartes,Rabat / Agdal,10500,20 Oct 2022 13:11,Rabat,Agdal
21,APPARTEMENT MEUBLE PROCHE LA GARE RABAT VILLE,Rabat / Hassan,7500,19 Oct 2022 11:06,Rabat,Hassan
23,Appartement meublée en location à Agdal,Rabat / Agdal,8500,19 Oct 2022 11:03,Rabat,Agdal
24,BEL APPARTEMENT FAIT 120M² A LOUER,Rabat / Agdal,7800,19 Oct 2022 11:03,Rabat,Agdal
26,Appartement meublé en location à AGDAL,Rabat / Agdal,8500,18 Oct 2022 10:54,Rabat,Agdal
28,Appt exceptionnel,Rabat,8000,16 Oct 2022 21:37,Rabat,Rabat
29,Appartement 3pieces5200dh,Rabat / Agdal,5200,14 Oct 2022 12:56,Rabat,Agdal
30,Apparmement moukawana3600dhh,Rabat / Agdal,3600,14 Oct 2022 12:55,Rabat,Agdal
32,Apparemment entièrement rénové,Rabat / Hay Al Massira,5000,13 Oct 2022 14:50,Rabat,Hay Al Massira
34,Appartement à Agdal en location,Rabat / Agdal,8500,12 Oct 2022 17:38,Rabat,Agdal
36,APPARTEMENT BIEN MEUBLEE SUR AGDAL ...,Rabat,9000,12 Oct 2022 13:19,Rabat,Rabat
37,Appartement meuble a hassan,Rabat / Hassan,7500,12 Oct 2022 13:19,Rabat,Hassan
38,JOLI STUDIO MEUBLE A LOUER,Rabat / Hassan,6500,12 Oct 2022 11:02,Rabat,Hassan
39,APPARTEMENT DE 2 PIÈCES A LOUER,Rabat / Agdal,7500,12 Oct 2022 11:02,Rabat,Agdal
40,Location appartement à Agdal,Rabat / Agdal,7000,11 Oct 2022 17:24,Rabat,Agdal
41,Appartement Haut Standing,Rabat,3900,11 Oct 2022 13:52,Rabat,Rabat
42,APPARTEMENT MEUBLÉE A RABAT,Rabat,7800,11 Oct 2022 13:52,Rabat,Rabat
43,APPARTEMENT VIDE A LOCATION,Rabat,6500,11 Oct 2022 13:49,Rabat,Rabat
44,Appartement usage bureau au center ville Rabat,Rabat,5500,10 Oct 2022 15:03,Rabat,Rabat
45,Appartement 80m² deuxième étage. (Hay WIFAK - TEME,Rabat,91,10 Oct 2022 15:03,Rabat,Rabat
46,Appartement situé ocean,Rabat / Agdal,3400,09 Oct 2022 13:12,Rabat,Agdal
47,Appartement 3piece skbibat,Rabat / Agdal,3800,07 Oct 2022 11:56,Rabat,Agdal
48,Joli appartement meublé de 2 pièces à Hassan,Rabat / Hassan,5500,07 Oct 2022 11:55,Rabat,Hassan
49,Au Quartier Mabella appartement en location,Rabat / Mabella,4500,06 Oct 2022 17:39,Rabat,Mabella
50,Appartement 3 pieces a diour jamma,Rabat / Diour Jamaa,1,06 Oct 2022 13:15,Rabat,Diour Jamaa
51,Appartement en location,Rabat / Hay Ryad,11000,06 Oct 2022 13:11,Rabat,Hay Ryad
55,Appt usage bureau au habitation,Rabat / Ocean,6500,04 Oct 2022 15:57,Rabat,Ocean
56,APPARTEMENT VIDE A LOUER,Rabat,8000,04 Oct 2022 15:56,Rabat,Rabat
57,PROCHE LYCEE DESCARTES APPARTEMENT 3 CH SALON,Rabat / Agdal,8000,04 Oct 2022 15:56,Rabat,Agdal
58,APPT Meublé équipé 100m à louer à Kebibat Rabat,Rabat / Hassan,8000,03 Oct 2022 16:34,Rabat,Hassan
59,Bel appartement à louer a DIOUR JAMAA,Rabat / Diour Jamaa,5500,03 Oct 2022 10:34,Rabat,Diour Jamaa
60,Bon Emplacement Agdal Rabat,Rabat / Agdal,8000,02 Oct 2022 22:57,Rabat,Agdal
61,Apt meublé hay Fath rabat,Rabat,4800,02 Oct 2022 16:20,Rabat,Rabat
62,Location un apt à l agdal,Rabat / Agdal,5000,30 Sep 2022 14:02,Rabat,Agdal
63,APPARTEMENT AVEC PLACE GARAGE HASSAN RABAT,Rabat / Hassan,6500,29 Sep 2022 18:39,Rabat,Hassan
64,Location d'un appartement à youssoufia ouest rabat,Rabat / Youssoufia,3500,29 Sep 2022 11:50,Rabat,Youssoufia
65,Joli appartement propre Hassan,Rabat / Hassan,6500,29 Sep 2022 00:23,Rabat,Hassan
70,JOLI APPARTEMENT DE 3P A LOUER,Rabat / Agdal,8000,28 Sep 2022 11:07,Rabat,Agdal
71,APPARTEMENT AU CENTRE DE RABAT AGDAL,Rabat / Agdal,6000,28 Sep 2022 11:06,Rabat,Agdal
73,AGDAL APPARTEMENT 4 PIÈCES MEUBLÉ A LOUER,Rabat,8000,27 Sep 2022 13:21,Rabat,Rabat
74,APPARTEMENT MEUBLEE A 9500 Dhs/mois,Rabat / Harhoura,9500,27 Sep 2022 13:20,Rabat,Harhoura
75,Appartement de 2P a louer,Rabat,3800,27 Sep 2022 13:20,Rabat,Rabat
76,BEL APPARTEMENT VUE SUR MER A LOUER,Rabat / Ocean,6000,25 Sep 2022 21:24,Rabat,Ocean
77,Location meublée/Non Meublée à Agdal - Rabat,Rabat / Agdal,4500,25 Sep 2022 11:54,Rabat,Agdal
78,DES APPARTEMENTS MEUBLES A LOUER,Rabat,6000,24 Sep 2022 20:31,Rabat,Rabat
79,Location appartement meuble,Rabat / Agdal,11000,24 Sep 2022 20:31,Rabat,Agdal
80,APPARTEMENT MEUBLE A LA HAUT AGDAL,Rabat / Agdal,8000,24 Sep 2022 20:31,Rabat,Agdal
81,Appartement de 4 pièces sur agdal,Rabat / Agdal,8000,23 Sep 2022 19:56,Rabat,Agdal
82,Appartement à louer,Rabat / Centre ville,5500,23 Sep 2022 19:41,Rabat,Centre ville
84,شقة,Rabat / Temara,1300,21 Sep 2022 17:42,Rabat,Temara
85,JOLI APPARTEMENT A LOUER (RABAT AGDAL),Rabat / Agdal,8500,21 Sep 2022 11:51,Rabat,Agdal
87,APPT 2P HT STANDING,Rabat / Hassan,4200,20 Sep 2022 14:56,Rabat,Hassan
88,APPARTEMENT A LE HAUT AGDAL,Rabat / Agdal,7000,20 Sep 2022 10:40,Rabat,Agdal
89,GRAND APPARTEMENT VIDE à LOUER,Rabat,8500,20 Sep 2022 10:40,Rabat,Rabat
90,APPARTEMENT FAIT DE 110M² EN LOCATION,Rabat,3800,20 Sep 2022 10:39,Rabat,Rabat
91,APPARTEMENT 4PC PROCHE DU MALL AGDAL,Rabat,6500,20 Sep 2022 10:39,Rabat,Rabat
92,PROCHE DE RABAT CENTRE APPART 4P EN LOCATION VIDE,Rabat,6800,19 Sep 2022 13:21,Rabat,Rabat
93,LOCATION D'UN APPARTEMENT DE 3P SUR AGDAL,Rabat / Agdal,6500,17 Sep 2022 16:17,Rabat,Agdal
95,Appartement meublée au centre de Rabat,Rabat / Hassan,8000,16 Sep 2022 21:01,Rabat,Hassan
96,Appartement a hassan,Rabat / Hassan,8000,16 Sep 2022 21:01,Rabat,Hassan
98,LE HAUT AGDAL APPARTEMENT A LOUER,Rabat / Agdal,8000,15 Sep 2022 13:33,Rabat,Agdal
99,PAS LOIN DE LYCÉE DESCARTES DANS UN IMMEUBLE PROPR,Rabat,8500,15 Sep 2022 13:33,Rabat,Rabat
100,APPARTEMENT A RABAT AGDAL,Rabat / Agdal,4800,15 Sep 2022 13:33,Rabat,Agdal
101,Appt meublé,Rabat / Agdal,7000,15 Sep 2022 11:05,Rabat,Agdal
103,Appartement centre ville rabat,Rabat / Agdal,3800,14 Sep 2022 05:42,Rabat,Agdal
104,Appartement 4 pièces,Rabat / Agdal,4500,14 Sep 2022 05:42,Rabat,Agdal
105,APPATEMENT A LOUER,Rabat / Agdal,6000,13 Sep 2022 16:06,Rabat,Agdal
106,APPT HT STANDING EN LOCATION,Rabat / Hassan,4200,13 Sep 2022 13:24,Rabat,Hassan
107,Appartement a louer  PRESTIGIA RIAD RABAT,Rabat / Hay Ryad,11000,12 Sep 2022 23:36,Rabat,Hay Ryad
108,Superbe appart meublé à louer Wifak Temara,Rabat,4800,12 Sep 2022 19:23,Rabat,Rabat
110,APPARTEMENT EN LOCATION A QBIBAT,Rabat,3500,12 Sep 2022 16:37,Rabat,Rabat
111,Appartement hay ryad expose,Rabat / Agdal,6500,12 Sep 2022 10:44,Rabat,Agdal
112,Appartement prestigieux ryad7000dh,Rabat / Hay Ryad,7000,12 Sep 2022 10:38,Rabat,Hay Ryad
113,Appartementsitué ocean,Rabat / Agdal,3300,12 Sep 2022 10:38,Rabat,Agdal
114,Appartement 3pieces,Rabat / Agdal,4000,10 Sep 2022 19:44,Rabat,Agdal
115,COQUET APPARTEMENT MEUBLÉ A RABAT,Rabat,6500,09 Sep 2022 17:20,Rabat,Rabat
116,Appartement centre agdal4200dh,Rabat / Agdal,4200,08 Sep 2022 16:48,Rabat,Agdal
117,Appartement hay ryad,Rabat / Hay Ryad,4800,07 Sep 2022 13:16,Rabat,Hay Ryad
118,Location appartement,Rabat / Akkari,3200,06 Sep 2022 16:57,Rabat,Akkari
119,Bel appartement agdal 3pieces,Rabat / Agdal,6300,06 Sep 2022 16:56,Rabat,Agdal
120,Location appartement,Rabat / Akkari,3200,05 Sep 2022 22:04,Rabat,Akkari
121,Appartement d'une maison,Rabat / Akkari,3200,05 Sep 2022 22:03,Rabat,Akkari
122,Appartement location,Rabat / Akkari,3200,05 Sep 2022 22:03,Rabat,Akkari
123,APPARTEMENT FAIT 135M² SUR AGDAL A LOUER,Rabat / Agdal,7000,05 Sep 2022 13:04,Rabat,Agdal
124,Grande appartement a louer,Rabat / Agdal,8000,05 Sep 2022 10:55,Rabat,Agdal
126,APPARTEMENT EN LOCATION SUR AVIATION MABELLA,Rabat / Mabella,6500,05 Sep 2022 10:54,Rabat,Mabella
127,Appartement à loué,Rabat,3500,05 Sep 2022 10:22,Rabat,Rabat
128,Appartement situé rabat,Rabat / Agdal,4000,04 Sep 2022 06:16,Rabat,Agdal
129,Apparemment avenue hassan2,Rabat / Agdal,4000,04 Sep 2022 06:15,Rabat,Agdal
130,Duplex meublé avec piscine à louer à Harhoura,Rabat / Harhoura,8000,04 Sep 2022 06:15,Rabat,Harhoura
131,Appartement à louer à lot habitable slimane,Rabat / Yacoub El Mansour,4500,02 Sep 2022 22:29,Rabat,Yacoub El Mansour
132,Appartement meublée a louer haut agdal,Rabat,10000,31 Aoû 2022 19:35,Rabat,Rabat
134,LOCATION UN APPARTEMENT DE 4P,Rabat,7500,31 Aoû 2022 14:36,Rabat,Rabat
135,Appartement vide en location,Rabat,4000,31 Aoû 2022 14:35,Rabat,Rabat
136,Appartement de 3 pièces en location,Rabat,4000,31 Aoû 2022 11:26,Rabat,Rabat
137,APPARTEMENT EN LOCATION A SALA JADIDA,Rabat / Sala Jadida,4500,30 Aoû 2022 16:34,Rabat,Sala Jadida
138,APPARTEMENT A LOCATION 6000 DHS,Rabat,6000,30 Aoû 2022 16:34,Rabat,Rabat
139,APPARTEMENT AU CENTRE DE RABAT A LOUER,Rabat,6500,30 Aoû 2022 09:35,Rabat,Rabat
140,LE HAUT AGDAL APPARTEMENT VIDE A LOUER,Rabat / Agdal,8000,30 Aoû 2022 09:35,Rabat,Agdal
141,APPARTEMENT VIDE EN LOCATION SUR AGDAL,Rabat / Agdal,7800,30 Aoû 2022 09:35,Rabat,Agdal
142,UN APPARTEMENT EN LOCATION SUR MABELLA,Rabat / Agdal,6500,30 Aoû 2022 09:35,Rabat,Agdal
145,Appartement 4 pièces en location,Rabat / Agdal,8000,29 Aoû 2022 16:33,Rabat,Agdal
146,Bel appartement meublé à 8500dhs,Rabat / Agdal,8500,29 Aoû 2022 15:07,Rabat,Agdal
147,Appartement Résidence Clos des Pins,Rabat / Agdal,9000,29 Aoû 2022 10:45,Rabat,Agdal
152,Appartement près du Lycée Descartes,Rabat / Agdal,9000,27 Aoû 2022 04:21,Rabat,Agdal
154,Appartement situe agdal 95m,Rabat / Agdal,6500,26 Aoû 2022 00:18,Rabat,Agdal
155,Appartement meublé (2 chambres),Rabat / Harhoura,7500,25 Aoû 2022 19:36,Rabat,Harhoura
156,Appartement spacieux à louer à l'Agdal,Rabat / Agdal,9000,25 Aoû 2022 19:22,Rabat,Agdal
157,Appartement ht standing 2p,Rabat / Hassan,4300,25 Aoû 2022 15:20,Rabat,Hassan
158,Appartement 3p en location,Rabat / Centre ville,4200,25 Aoû 2022 15:20,Rabat,Centre ville
159,Appartement meublé avec terrasse à Bassatine Al Ma,Rabat,10000,25 Aoû 2022 14:14,Rabat,Rabat
160,Appartementà louer sur haut agdal,Rabat / Agdal,6500,25 Aoû 2022 13:11,Rabat,Agdal
161,Appartement meublé  à Bassati Al Manzeh,Rabat,10000,25 Aoû 2022 13:10,Rabat,Rabat
162,APPARTEMENT PROCHE A LA GARE D'AGDAL,Rabat / Agdal,8500,25 Aoû 2022 10:54,Rabat,Agdal
163,LOCATION VIDE D'UN APPARTEMENT,Rabat / Agdal,4000,25 Aoû 2022 10:54,Rabat,Agdal
164,APPARTEMENT 3PIÈCE A LOUER,Rabat / Agdal,7800,25 Aoû 2022 10:54,Rabat,Agdal
165,Appt bien situé..gare Agdal,Rabat / Agdal,4500,25 Aoû 2022 10:01,Rabat,Agdal
166,Appartement hay nahda,Rabat / Hay Ennahda,4600,25 Aoû 2022 10:01,Rabat,Hay Ennahda
169,Appartement meublé à louer  à Agdal RABAT,Rabat / Agdal,10000,24 Aoû 2022 22:50,Rabat,Agdal
170,Appartement à harhoura,Rabat / Harhoura,6000,24 Aoû 2022 22:49,Rabat,Harhoura
171,Coquette appartement refaite à neuf à Hassan,Rabat / Hassan,7500,24 Aoû 2022 22:49,Rabat,Hassan
172,APPARTEMENT MEUBLE A LOUER A RABAT,Rabat,7500,24 Aoû 2022 15:05,Rabat,Rabat
