Title,City,Price,Time
Appartement meublé pour la location,Tanger,5 000 DH,08 Oct 2022 06:00
Appartement meublé neuf,Tanger / Centre ville,5 000 DH,08 Oct 2022 05:58
A louer super appartement meublé neuf,Tanger / Centre ville,5 500 DH,07 Oct 2022 15:59
à louer un appartement meublé,Tanger / Centre ville,4 500 DH,07 Oct 2022 15:55
شقه مجهزة للكراء فالمستقبل قرب أسواق السلام,Tanger / Marjane,3 000 DH,07 Oct 2022 13:18
Appartement usage bureau pour la location,Tanger,4 800 DH,06 Oct 2022 13:15
Appartement meublé pour la location,Tanger,5 700 DH,06 Oct 2022 13:12
Appartement luxe haute standing meuble,Tanger / Malabata,14 000 DH,05 Oct 2022 18:47
Appartement en location haute standing a malabata,Tanger / Malabata,8 000 DH,05 Oct 2022 16:09
Appartement Centre Ville Prêt Mall ibn Battoutta,Tanger / Centre ville,500 DH,05 Oct 2022 09:54
Appartement à louer Tanger Irfane pour filles,Tanger / Aviation,2 800 DH,04 Oct 2022 15:59
Appartement à gueznaya tanger,Tanger,350 DH,03 Oct 2022 21:24
Appartement meuble a louer tanger,Tanger / Marjane,3 000 DH,03 Oct 2022 21:24
Bel Appartement meublé à Tanger.,Tanger / Girari,3 200 DH,02 Oct 2022 22:57
Appartement Centre Ville Prêt Mall ibn Battoutta,Tanger / Centre ville,500 DH,28 Sep 2022 17:40
Appt. non meublé à Mly ismail,Tanger / Centre ville,3 200 DH,28 Sep 2022 15:05
Appartement a gueznaya,Tanger,3 500 DH,27 Sep 2022 18:44
Appartement Centre Ville Prêt Mall ibn Battoutta,Tanger / Centre ville,500 DH,27 Sep 2022 16:43
Apparemment meublé à louer,Tanger,7 000 DH,26 Sep 2022 17:25
Appartement meublé à tanger zone fran,Tanger,2 800 DH,24 Sep 2022 20:32
Location appartement prés TGV Tanger,Tanger / Malabata,4 200 DH,24 Sep 2022 20:32
Appartement Centre Ville Prêt Mall ibn Battoutta,Tanger / Centre ville,500 DH,24 Sep 2022 12:12
Location appartement 3 chambres à City Center,Tanger / Malabata,12 500 DH,24 Sep 2022 12:12
Appartement tanger,Tanger / Centre ville,5 500 DH,21 Sep 2022 19:13
Je cherche un appartement meublé Tanger,Tanger / Val Fleuri,4 000 DH,20 Sep 2022 14:56
Appartement Centre Ville Prêt Mall ibn Battoutta,Tanger / Centre ville,500 DH,18 Sep 2022 22:39
Appartement Centre Ville Avec Vue Sur Plage,Tanger / Centre ville,6 500 DH,17 Sep 2022 16:18
Appartement À Louer À Iberia Tanger,Tanger / Centre ville,13 000 DH,16 Sep 2022 19:44
Appartement À Louer À Nejma Tanger,Tanger / Centre ville,9 000 DH,16 Sep 2022 19:44
Appartement meublé,Tanger / Moulay Youssef,6 500 DH,15 Sep 2022 22:50
Location Apt meublé tanger,Tanger / M nar,3 000 DH,15 Sep 2022 21:17
Appartement meublé,Tanger / Moulay Youssef,6 500 DH,15 Sep 2022 21:13
Bel Appartement meublé prés centre ville.,Tanger / Centre ville,3 000 DH,15 Sep 2022 17:24
Appartement Centre Ville Prêt Mall ibn Battoutta,Tanger / Centre ville,500 DH,15 Sep 2022 11:10
Appartement à louer Tanger,Tanger / Centre ville,4 000 DH,14 Sep 2022 19:17
Location un appartement meublé,Tanger / Moulay Youssef,4 700 DH,13 Sep 2022 20:34
Appartement Centre Ville Prêt Mall ibn Battoutta,Tanger / Centre ville,500 DH,12 Sep 2022 10:44
Appartement Centre Ville Prêt Mall ibn Battoutta,Tanger / Centre ville,500 DH,09 Sep 2022 23:22
Appartement meublé neuf,Tanger / Centre ville,5 500 DH,09 Sep 2022 06:49
Appartement. non meublé à louer,Tanger,4 500 DH,07 Sep 2022 18:34
Location appartement bien situé pour étudiants,Tanger / Centre ville,900 DH,06 Sep 2022 18:48
Apparemment,Tanger / Ziatene,3 000 DH,06 Sep 2022 16:58
Magnifique appartement à louer pour  familles,Tanger / Ziatene,4 000 DH,04 Sep 2022 17:19
Appartement Centre Ville En Face De Marina Bay,Tanger / Centre ville,6 500 DH,03 Sep 2022 12:54
Appartement Centre Ville En Face De Marina Bay,Tanger / Centre ville,6 500 DH,01 Sep 2022 15:22
Appartement 60m² en Location POUR LES étudiantes,Tanger / Ziatene,3 000 DH,01 Sep 2022 14:18
Appartement pour location,Tanger / M sallah,2 500 DH,01 Sep 2022 14:16
شقة للبيع,Tanger / Malabata,11 000 DH,30 Aoû 2022 01:15
Location appartement meublé,Tanger,3 700 DH,29 Aoû 2022 10:04
Appartement Centre Ville Prêt Mall ibn Battoutta,Tanger / Centre ville,6 500 DH,28 Aoû 2022 10:37
Appartement meublé vue dégagée,Tanger / Centre ville,8 000 DH,27 Aoû 2022 04:21
Appartement panoramique sur mer méditerranée,Tanger / Malabata,800 DH,26 Aoû 2022 17:19
ALL192822 APPARTEMENT MEUBLE AVEC VUE SPECTACULAIR,Tanger,17 000 DH,26 Aoû 2022 14:50
Appartement Centre Ville Prêt Mall ibn Battoutta,Tanger / Centre ville,6 500 DH,25 Aoû 2022 20:58
Appartement Centre Ville Prêt Mall ibn Battoutta,Tanger / Centre ville,6 500 DH,25 Aoû 2022 20:58
Location un appartement meublé,Tanger / Centre ville,5 000 DH,25 Aoû 2022 14:15
Apparemment meublé à louer,Tanger,4 000 DH,24 Aoû 2022 14:36
Appartement Centre Ville Avec Vue Sur Plage,Tanger / Centre ville,6 500 DH,22 Aoû 2022 22:30
Cherche appartement pour famille,Tanger,2 000 DH,22 Aoû 2022 17:38
Appartement Centre Ville En Face De Marina Bay,Tanger / Centre ville,6 500 DH,22 Aoû 2022 09:28
شقة للكراء 75متر مرجان - طنجة,Tanger / Marjane,3 600 DH,21 Aoû 2022 12:09
Appartement Bel et Spacieux,Tanger / Vieille montagne,2 590 DH,21 Aoû 2022 12:08
Appartement en collaboration,Tanger / Centre ville,2 500 DH,20 Aoû 2022 22:36
ابحت عن شقة للكراء,Tanger / Marjane,2 000 DH,19 Aoû 2022 20:47
Appartement Centre Ville Prêt Mall ibn Battoutta,Tanger / Centre ville,6 500 DH,19 Aoû 2022 12:44
Grand duplex à louer,Tanger / Malabata,1 500 DH,18 Aoû 2022 14:37
Belle appartement meublé a malabata,Tanger / Malabata,7 000 DH,18 Aoû 2022 11:24
Spacieux appartement au centre a louer,Tanger / Moulay Youssef,4 500 DH,17 Aoû 2022 13:50
Appartement Centre Ville En Face De Marina Bay,Tanger / Centre ville,6 500 DH,17 Aoû 2022 12:42
Appartement - Mesnana - Tanger,Tanger,2 500 DH,16 Aoû 2022 22:13
Appartement Centre Ville En Face De Marina Bay,Tanger / Centre ville,6 500 DH,16 Aoû 2022 10:20
Appartement meublé pour location,Tanger / Moujahidine,4 000 DH,15 Aoû 2022 16:41
Appartement bureau bvd moulay ismail,Tanger / Centre ville,4 000 DH,15 Aoû 2022 13:15
Location d un appartement bureau,Tanger / Centre ville,4 000 DH,15 Aoû 2022 13:02
Appartement a louer,Tanger / Malabata,5 000 DH,13 Aoû 2022 15:57
Appartement Centre Ville Avec Vue Sur Plage,Tanger / Centre ville,6 500 DH,11 Aoû 2022 10:35
Appartement meublé à louer,Tanger / Centre ville,12 000 DH,09 Aoû 2022 23:51
Appartement Centre Ville Prêt Mall ibn Battoutta,Tanger / Centre ville,6 500 DH,08 Aoû 2022 21:52
à la recherche d'une appartement à  Dar Tounsi,Tanger,2 500 DH,06 Aoû 2022 10:01
Appartement Non meublé pour location,Tanger / Moujahidine,2 500 DH,05 Aoû 2022 14:02
Appartement Centre Ville Avec Vue Sur Plage,Tanger / Centre ville,6 500 DH,03 Aoû 2022 19:20
Appartement à louer,Tanger,2 000 DH,03 Aoû 2022 11:20
Appartement Bel et Spacieux,Tanger,2 490 DH,01 Aoû 2022 16:01
Appartement Centre Ville En Face De Marina Bay,Tanger / Centre ville,6 500 DH,30 Jul 2022 21:49
Appartement Centre Ville En Face De Marina Bay,Tanger / Centre ville,700 DH,28 Jul 2022 12:48
Je cherche un appartement,Tanger,1 700 DH,27 Jul 2022 12:57
Appartement à louer,Tanger / Marjane,3 000 DH,24 Jul 2022 14:31
Appartement Centre Ville En Face De Marina Bay,Tanger / Centre ville,6 500 DH,19 Jul 2022 16:14
Appartement Centre Ville Prêt Mall ibn Battoutta,Tanger / Centre ville,6 500 DH,19 Jul 2022 09:34
Appartements meublé,Tanger / Malabata,3 500 DH,18 Jul 2022 15:32
Appartement pour location par mois,Tanger / Marjane,3 500 DH,14 Jul 2022 22:51
Appartement à 2 pas de l'institut espagnol,Tanger / Centre ville,7 000 DH,11 Jul 2022 16:47
Appartement a louer,Tanger,4 700 DH,02 Jul 2022 16:16
Apparemment a louer,Tanger,2 650 DH,02 Jul 2022 16:15
Appartement Meublé,Tanger / Marjane,4 000 DH,28 Jun 2022 21:33
Location un appartement meublé,Tanger / Malabata,3 000 DH,27 Jun 2022 13:26
Appartement vue mer sur la corniche à Tanger,Tanger / Centre ville,8 000 DH,26 Jun 2022 11:56
Location appartement 56m2 tanger,Tanger / Malabata,1 800 DH,24 Jun 2022 22:01
Location un appartement,Tanger / Malabata,3 000 DH,24 Jun 2022 22:01
A louer super  appartement meublé neuf,Tanger / Val Fleuri,5 000 DH,24 Jun 2022 10:02
شقة عائلية للكراء مشمسة بوسط المدينة,Tanger / Centre ville,3 200 DH,20 Jun 2022 12:48
Appartement a louer val fleuri,Tanger,600 DH,20 Jun 2022 11:24
A louer super appartement meublé,Tanger / Val Fleuri,5 000 DH,15 Jun 2022 09:11
Appartement a louer,Tanger,750 DH,14 Jun 2022 11:57
Appartement à louer,Tanger / Centre ville,500 DH,13 Jun 2022 11:47
Appartement a louer,Tanger / Centre ville,750 DH,10 Jun 2022 19:50
Appartement à louer,Tanger / Centre ville,500 DH,07 Jun 2022 13:24
Location un appartement,Tanger / Aviation,2 500 DH,03 Jun 2022 16:39
Appartement a louer,Tanger / Centre ville,750 DH,03 Jun 2022 12:53
Appartement équipé AU CENTRE VILLE playa,Tanger / Centre ville,1 DH,03 Jun 2022 11:45
شقة للكراء في ديار طنجة,Tanger / Moujahidine,2 200 DH,02 Jun 2022 14:00
Location un appartement,Tanger / Centre ville,2 400 DH,01 Jun 2022 15:48
APPARTEMENT SÉCURISÉ LUXE TANGER,Tanger / Marjane,4 000 DH,01 Jun 2022 09:59
Location des apparteme9nts,Tanger,3 700 DH,31 Mai 2022 20:52
Appartement au quartier administratif a louer,Tanger / Centre ville,3 200 DH,31 Mai 2022 11:47
Appartement meublé à tanja balia TANGER,Tanger / Malabata,3 200 DH,27 Mai 2022 16:16
Appartement à louer,Tanger / Centre ville,7 000 DH,27 Mai 2022 11:00
Appartement boulvard,Tanger,3 000 DH,26 Mai 2022 13:29
شقة مفروشة للكراء,Tanger / Marjane,500 DH,21 Mai 2022 00:38
Location un appartement meublé,Tanger / Marjane,3 200 DH,18 Mai 2022 17:09
Location un appartement meublé,Tanger / Marjane,3 200 DH,18 Mai 2022 17:09
Joli appartement meuble avec terrasse a louer,Tanger / Malabata,7 000 DH,14 Mai 2022 16:13
Exclusif:appartement neuf a louer,Tanger / Marjane,3 200 DH,14 Mai 2022 16:13
TRES BONNE AFFAIRE,Tanger / Centre ville,600 000 DH,14 Mai 2022 12:55
Location un appartement meublé,Tanger / Marjane,3 500 DH,11 Mai 2022 17:22
Cosy appartement meublé à louer sur la corniche,Tanger / Centre ville,7 000 DH,09 Mai 2022 16:03
شقق مفروشة للايجار اليومي,Tanger / Malabata,800 DH,04 Mai 2022 11:15
Location un appartement meublé,Tanger / Malabata,3 500 DH,25 Avr 2022 16:16
Location un appartementprès de la gare tgv,Tanger / Malabata,2 300 DH,25 Avr 2022 16:16
Spacieux appartement avec vue sur mer a louer,Tanger / Centre ville,6 500 DH,25 Avr 2022 13:41
Apprt a tanja Balia,Tanger,2 500 DH,21 Avr 2022 10:54
Lumineux appartement vide a louer,Tanger / Malabata,7 300 DH,20 Avr 2022 13:56
Lumineux appartement vide a louer,Tanger / Centre ville,4 000 DH,19 Avr 2022 16:01
Appartement Centre Ville En Face De Marina Bay,Tanger / Centre ville,400 DH,16 Avr 2022 13:46
Location un appartement meublé,Tanger / Malabata,3 200 DH,12 Avr 2022 15:46
Location appartement 3 chambres,Tanger / Marjane,3 400 DH,10 Avr 2022 01:09
Appartement meublé à louer,Tanger / Centre ville,4 000 DH,09 Avr 2022 16:46
Appartement à louer,Tanger / Centre ville,3 000 DH,09 Avr 2022 16:44
Spacieux appartement en option vide a louer,Tanger,10 000 DH,04 Avr 2022 15:26
Appartement en plein centre ville tanger,Tanger / Centre ville,6 000 DH,04 Avr 2022 05:15
Location un appartement meublé,Tanger / Centre ville,4 200 DH,02 Avr 2022 16:14
شقة مجهزة للكراء الشهري,Tanger,6 000 DH,30 Mar 2022 23:01
أبحث عن شقة للكراء في طنجة,Tanger,2 500 DH,29 Mar 2022 19:41
Appartement meublé à louer,Tanger / Centre ville,4 800 DH,24 Mar 2022 22:08
Appartement à louer à tanger,Tanger,2 200 DH,23 Mar 2022 13:15
Appartement Centre Ville Prêt Mall ibn Battoutta,Tanger / Centre ville,400 DH,17 Mar 2022 08:20
Appartement meubléà louer,Tanger / Centre ville,4 000 DH,16 Mar 2022 22:36
A louer manifique appartement meublé,Tanger / Centre ville,4 800 DH,16 Mar 2022 22:35
Appartement Centre Ville Prêt Mall ibn Battoutta,Tanger / Centre ville,400 DH,13 Mar 2022 15:34
Location un appartement meublé,Tanger / Malabata,4 000 DH,08 Mar 2022 19:54
Location un appartement meublé,Tanger / Malabata,3 300 DH,08 Mar 2022 19:54
Appartement Centre Ville Prêt Mall ibn Battoutta,Tanger / Centre ville,400 DH,06 Mar 2022 20:37
Location un appartement meublé,Tanger / Malabata,4 000 DH,06 Mar 2022 15:22
Appartement de luxe meublé pour location à Marchan,Tanger / Marchane,7 000 DH,05 Mar 2022 15:51
Appartement Centre Ville En Face De Marina Bay,Tanger / Centre ville,400 DH,01 Mar 2022 14:36
Location appartement meublé,Tanger / Malabata,3 200 DH,01 Mar 2022 13:54
Appartement Centre Ville Avec Vue Sur Plage,Tanger / Centre ville,400 DH,25 Fév 2022 23:04
Studio a louer Tanger centre ville,Tanger / Centre ville,3 000 DH,25 Fév 2022 10:31
Appartement A Louer centre ville Tanger,Tanger / Centre ville,3 000 DH,25 Fév 2022 10:23
Appartement A Louer centre ville Tanger,Tanger / Centre ville,3 000 DH,25 Fév 2022 09:52
Appartement Centre Ville En Face De Marina Bay,Tanger / Centre ville,5 500 DH,24 Fév 2022 11:58
Duplexe à louer,Tanger,4 800 DH,23 Fév 2022 16:37
Grand appartement à IBERIA,Tanger / Centre ville,12 000 DH,23 Fév 2022 13:42
Vue sur Mer,Tanger / Centre ville,7 500 DH,22 Fév 2022 13:26
Appartement haut standing,Tanger,6 000 DH,22 Fév 2022 13:26
Appartement centre ville avec vue sur plage,Tanger / Centre ville,5 500 DH,21 Fév 2022 22:30
Appartement Centre Ville Prêt Mall ibn Battoutta,Tanger / Centre ville,5 500 DH,19 Fév 2022 13:10
Appartement meublé,Tanger / Centre ville,4 800 DH,18 Fév 2022 21:32
Appartement Centre Ville Prêt Mall ibn Battoutta,Tanger / Centre ville,400 DH,18 Fév 2022 11:26
Appartement a gueznaya,Tanger / Marjane,2 800 DH,17 Fév 2022 10:29
Location appart meublè,Tanger / Moujahidine,2 700 DH,16 Fév 2022 18:34
Appartement Centre Ville Avec Vue Sur Plage,Tanger / Centre ville,5 500 DH,16 Fév 2022 13:59
Appartement à louer à moujahidin,Tanger / Moujahidine,2 200 DH,16 Fév 2022 10:42
Appartement à louer à moulay youssef,Tanger / Moulay Youssef,4 500 DH,16 Fév 2022 10:42
Apparemment à loue neuf,Tanger,3 300 DH,15 Fév 2022 07:18
Appartement standing 100m,Tanger,5 500 DH,14 Fév 2022 12:29
Grand appartement sans vis à vis au Californie,Tanger / Cité californie,13 000 DH,14 Fév 2022 07:51
